,gilded,num_comments,num_crossposts,ups,subreddit
0,64,5117,10,139149,1
1,1,844,1,20255,0
2,1,4745,0,91308,1
3,0,1718,0,19882,0
4,2,1948,5,89392,1
5,0,1181,1,19211,0
6,1,1227,3,40634,1
7,0,412,1,19019,0
8,0,1596,0,33621,1
9,0,740,1,18220,0
10,1,1364,3,33232,1
11,0,1478,0,18196,0
12,2,1336,0,32199,1
13,0,1724,3,17913,0
14,1,922,2,31788,1
15,0,750,0,17701,0
16,1,1780,3,31709,1
17,0,1343,3,17579,0
18,0,1768,0,30389,1
19,0,470,0,17192,0
20,0,1285,1,29623,1
21,0,400,0,17078,0
22,0,662,2,29259,1
23,0,589,0,16990,0
24,0,598,0,29195,1
25,0,1309,0,16959,0
26,0,1502,3,28870,1
27,0,420,0,16900,0
28,1,1003,0,27676,1
29,0,405,1,16863,0
30,0,726,3,27627,1
31,0,379,0,16751,0
32,0,2632,1,26496,1
33,1,641,3,16520,0
34,1,1548,0,26313,1
35,0,223,0,16469,0
36,1,1995,1,26028,1
37,0,993,0,16386,0
38,0,3034,2,26027,1
39,0,1443,9,16360,0
40,1,1277,1,25983,1
41,0,446,0,16202,0
42,0,778,4,25819,1
43,1,798,3,16047,0
44,0,1097,2,25384,1
45,0,1064,1,16041,0
46,0,1553,3,25208,1
47,0,649,0,15942,0
48,0,1829,4,25068,1
49,0,422,1,15759,0
50,1,868,1,25022,1
51,0,1345,3,24908,1
52,0,887,2,24910,1
53,0,1403,1,24845,1
54,0,1458,0,24257,1
55,0,677,0,24173,1
56,0,1124,1,23984,1
57,0,281,0,23426,1
58,2,2204,1,23402,1
59,0,2064,0,22550,1
60,1,890,0,22548,1
61,0,1010,0,22312,1
62,1,1122,0,22298,1
63,0,2191,2,22063,1
64,1,747,5,21950,1
65,0,979,2,21558,1
66,0,906,2,21309,1
67,1,708,0,21267,1
68,0,778,0,21222,1
69,0,2221,1,20720,1
70,1,1914,1,20380,1
71,0,1002,1,20308,1
72,0,542,0,20285,1
73,0,794,0,19943,1
74,0,520,0,19639,1
75,0,662,2,15705,0
76,3,6892,8,15655,0
77,0,1117,0,15577,0
78,6,934,1,15359,0
79,0,1078,0,15329,0
80,1,1746,0,15308,0
81,0,385,1,15190,0
82,0,623,0,15180,0
83,0,455,0,15087,0
84,0,414,0,15041,0
85,0,354,0,14958,0
86,1,586,1,14907,0
87,0,590,0,14900,0
88,0,394,0,14830,0
89,0,915,0,14766,0
90,0,706,1,14758,0
91,0,399,0,14754,0
92,0,844,2,14617,0
93,0,725,1,14565,0
94,0,676,2,14562,0
95,0,735,0,14480,0
96,0,565,0,14431,0
97,1,689,0,14418,0
98,0,1618,0,14284,0
99,1,1703,1,14205,0
100,0,1217,0,19570,1
101,1,676,0,19505,1
102,0,1760,1,19384,1
103,0,522,1,19198,1
104,0,475,2,19133,1
105,0,642,2,19033,1
106,0,1360,1,18987,1
107,0,2146,0,18841,1
108,0,1258,0,18710,1
109,0,675,2,18518,1
110,2,1296,3,18431,1
111,1,1002,4,18328,1
112,0,1538,0,18297,1
113,0,452,0,18141,1
114,0,1543,0,18084,1
115,1,717,3,18007,1
116,1,1274,0,17922,1
117,0,873,1,17886,1
118,1,1089,0,17734,1
119,0,1005,0,17633,1
120,1,1143,3,17343,1
121,0,720,2,17218,1
122,0,507,0,17164,1
123,0,1266,1,16998,1
124,0,722,3,16762,1
125,0,609,0,14183,0
126,1,360,3,14149,0
127,0,330,2,14115,0
128,0,791,0,14099,0
129,0,952,1,14054,0
130,0,682,3,14035,0
131,0,307,0,14014,0
132,0,748,0,14000,0
133,0,625,3,13978,0
134,0,355,0,13958,0
135,1,1111,0,13959,0
136,0,770,0,13831,0
137,0,803,0,13820,0
138,0,360,0,13782,0
139,0,924,0,13787,0
140,0,472,0,13786,0
141,0,307,0,13773,0
142,0,1040,0,13754,0
143,0,672,0,13764,0
144,0,369,0,13753,0
145,0,981,0,13730,0
146,0,634,0,13702,0
147,0,510,0,13668,0
148,0,2034,1,13648,0
149,0,919,0,13639,0
150,1,1105,0,16503,1
151,1,812,0,16475,1
152,0,153,0,16402,1
153,0,783,0,16350,1
154,0,907,2,16148,1
155,1,595,1,16090,1
156,0,883,1,16051,1
157,0,1314,0,15956,1
158,0,616,2,15830,1
159,1,861,0,15691,1
160,0,649,0,15566,1
161,0,1531,1,15510,1
162,0,832,5,15372,1
163,0,834,2,15314,1
164,0,601,3,15223,1
165,1,714,0,15136,1
166,0,872,1,15096,1
167,0,440,0,15080,1
168,0,1058,1,15060,1
169,0,1340,0,15042,1
170,0,1053,0,15034,1
171,1,452,0,14983,1
172,0,348,2,14947,1
173,0,1027,0,14870,1
174,0,576,0,14459,1
175,0,764,0,13636,0
176,0,624,0,13626,0
177,0,500,1,13610,0
178,0,276,0,13605,0
179,1,1218,0,13604,0
180,0,253,1,13546,0
181,0,893,0,13532,0
182,0,258,0,13522,0
183,0,491,1,13513,0
184,0,691,0,13505,0
185,0,497,1,13477,0
186,0,253,0,13478,0
187,0,281,0,13450,0
188,4,516,5,13442,0
189,0,676,0,13431,0
190,0,2000,2,13423,0
191,0,357,4,13410,0
192,0,1850,0,13376,0
193,0,319,0,13355,0
194,0,767,3,13326,0
195,0,378,0,13237,0
196,0,318,0,13232,0
197,0,348,0,13221,0
198,0,654,0,13220,0
199,0,496,0,13222,0
200,1,2037,2,14288,1
201,0,354,1,14259,1
202,1,611,0,14241,1
203,1,833,2,14129,1
204,0,1028,1,14097,1
205,2,560,1,14041,1
206,0,595,3,14039,1
207,0,1033,3,14033,1
208,0,413,0,13986,1
209,0,617,7,13932,1
210,0,725,2,13797,1
211,0,911,1,13772,1
212,0,820,0,13771,1
213,0,455,2,13743,1
214,0,668,1,13432,1
215,0,547,0,13398,1
216,0,549,1,13366,1
217,0,578,0,13370,1
218,0,723,0,13131,1
219,1,327,0,13116,1
220,0,267,0,13084,1
221,0,431,1,13048,1
222,0,626,2,13004,1
223,0,224,2,12803,1
224,0,440,0,12795,1
225,0,399,0,13210,0
226,0,883,0,13155,0
227,0,357,0,13133,0
228,0,1389,2,13092,0
229,0,209,0,13060,0
230,0,137,0,13042,0
231,0,3792,0,13032,0
232,0,705,2,13021,0
233,0,460,2,12995,0
234,0,491,0,12997,0
235,0,358,0,12992,0
236,0,263,0,12974,0
237,0,505,0,12973,0
238,0,535,0,12967,0
239,0,671,2,12953,0
240,0,506,1,12945,0
241,0,263,0,12942,0
242,0,2568,0,12930,0
243,1,427,0,12927,0
244,0,508,0,12921,0
245,0,196,2,12917,0
246,0,371,4,12887,0
247,0,428,2,12900,0
248,0,429,0,12871,0
249,0,337,1,12860,0
250,0,574,0,12760,1
251,0,292,0,12738,1
252,0,658,0,12544,1
253,0,980,2,12487,1
254,0,1519,0,12457,1
255,0,167,1,12456,1
256,0,648,2,12434,1
257,0,1063,1,12258,1
258,0,776,2,12253,1
259,0,1037,1,12247,1
260,0,488,2,12132,1
261,0,377,4,11963,1
262,0,421,0,11895,1
263,0,461,0,11846,1
264,0,658,0,11826,1
265,0,623,2,11804,1
266,2,725,2,11737,1
267,0,1690,2,11637,1
268,0,189,0,11591,1
269,0,544,0,11556,1
270,0,190,1,11494,1
271,0,476,1,11481,1
272,0,891,0,11247,1
273,0,591,5,11203,1
274,0,355,0,11118,1
275,0,283,0,12859,0
276,0,502,4,12824,0
277,0,757,0,12809,0
278,0,686,1,12791,0
279,0,234,0,12781,0
280,0,815,0,12768,0
281,0,282,0,12746,0
282,0,631,0,12746,0
283,0,18309,0,12730,0
284,0,462,2,12722,0
285,1,746,0,12682,0
286,0,331,0,12680,0
287,0,648,0,12666,0
288,0,514,0,12675,0
289,0,539,0,12645,0
290,0,489,0,12639,0
291,0,358,0,12630,0
292,0,453,1,12607,0
293,0,489,0,12601,0
294,1,620,0,12594,0
295,0,547,2,12588,0
296,0,376,0,12573,0
297,0,279,3,12567,0
298,0,666,0,12560,0
299,0,1236,1,12550,0
300,0,187,2,11102,1
301,0,611,0,11027,1
302,1,254,5,10870,1
303,0,728,0,10816,1
304,1,327,2,10801,1
305,0,488,0,10798,1
306,0,258,0,10721,1
307,0,472,2,10624,1
308,0,480,0,10561,1
309,0,163,0,10510,1
310,0,266,3,10459,1
311,0,349,0,10305,1
312,0,151,1,10275,1
313,0,380,0,10240,1
314,1,479,1,10170,1
315,0,446,0,10058,1
316,0,606,0,9843,1
317,0,272,2,9778,1
318,0,459,0,9758,1
319,0,928,0,9671,1
320,0,276,0,9637,1
321,0,339,0,9623,1
322,0,138,0,9586,1
323,0,340,1,9556,1
324,0,271,1,9478,1
325,0,795,1,12547,0
326,0,170,7,12550,0
327,0,379,0,12503,0
328,0,723,0,12500,0
329,0,470,0,12483,0
330,0,308,2,12483,0
331,0,773,3,12481,0
332,0,666,1,12451,0
333,0,183,0,12455,0
334,0,646,7,12408,0
335,0,434,7,12394,0
336,0,2458,0,12392,0
337,0,443,0,12392,0
338,0,375,0,12394,0
339,0,575,0,12386,0
340,0,257,1,12384,0
341,0,655,0,12360,0
342,0,1645,1,12353,0
343,0,876,0,12347,0
344,0,279,0,12350,0
345,0,774,0,12341,0
346,0,708,1,12335,0
347,0,400,0,12329,0
348,0,917,0,12307,0
349,0,918,0,12298,0
350,0,188,1,9467,1
351,0,398,1,9333,1
352,0,731,0,9318,1
353,0,445,0,9262,1
354,0,185,0,9238,1
355,0,500,0,9019,1
356,0,437,0,8939,1
357,0,583,1,8833,1
358,0,370,2,8763,1
359,0,553,0,8569,1
360,0,555,1,8484,1
361,0,814,1,8453,1
362,0,345,0,8443,1
363,0,168,1,8398,1
364,0,463,1,8376,1
365,0,379,0,8323,1
366,0,394,0,8285,1
367,0,403,1,8176,1
368,0,347,0,8146,1
369,0,519,2,8118,1
370,0,154,0,8084,1
371,0,249,0,8080,1
372,0,320,2,8033,1
373,0,266,2,7985,1
374,0,397,2,7960,1
375,1,697,2,12299,0
376,0,879,4,12289,0
377,0,615,1,12282,0
378,0,683,1,12246,0
379,0,328,0,12211,0
380,0,218,0,12209,0
381,0,325,0,12187,0
382,0,268,1,12172,0
383,0,428,5,12173,0
384,1,1264,1,12181,0
385,0,554,0,12160,0
386,0,772,1,12135,0
387,0,338,0,12129,0
388,1,905,0,12118,0
389,0,321,0,12109,0
390,0,349,0,12111,0
391,0,559,0,12112,0
392,0,297,0,12083,0
393,0,357,0,12092,0
394,0,240,0,12061,0
395,0,1418,1,12067,0
396,6,433,0,12010,0
397,0,385,1,12005,0
398,0,116,0,11997,0
399,0,249,1,11992,0
400,0,184,1,7949,1
401,0,196,0,7940,1
402,0,259,0,7940,1
403,0,189,0,7896,1
404,0,258,0,7719,1
405,0,373,0,7690,1
406,0,492,2,7666,1
407,0,293,0,7651,1
408,0,253,0,7620,1
409,0,322,0,7614,1
410,0,276,0,7572,1
411,0,375,0,7570,1
412,0,543,0,10878,1
413,0,268,0,7375,1
414,0,451,0,7356,1
415,0,378,1,7274,1
416,0,172,0,7183,1
417,1,904,0,7172,1
418,0,243,1,7180,1
419,0,313,0,7131,1
420,0,489,1,7108,1
421,0,369,1,7029,1
422,0,195,0,7018,1
423,0,132,1,6999,1
424,0,183,0,6959,1
425,0,60,0,11980,0
426,0,407,1,11973,0
427,0,367,0,11941,0
428,0,165,1,11927,0
429,0,489,0,11932,0
430,0,1454,0,11920,0
431,0,632,0,11923,0
432,0,977,1,11895,0
433,0,249,0,11891,0
434,0,1115,0,11899,0
435,0,481,0,11882,0
436,0,339,0,11877,0
437,0,302,0,11876,0
438,0,544,0,11875,0
439,0,653,0,11863,0
440,0,898,0,11844,0
441,0,244,1,11836,0
442,0,294,1,11809,0
443,1,528,1,11813,0
444,0,427,5,11808,0
445,0,323,3,11801,0
446,0,473,0,11806,0
447,0,599,2,11794,0
448,0,229,0,11780,0
449,0,356,3,11777,0
450,0,265,0,6944,1
451,0,620,0,6819,1
452,0,416,4,6819,1
453,0,327,1,6816,1
454,0,442,1,6800,1
455,0,150,0,6796,1
456,0,173,1,6765,1
457,0,447,0,6672,1
458,0,648,0,6552,1
459,0,258,1,6481,1
460,0,366,2,6451,1
461,0,198,0,6438,1
462,0,128,2,6338,1
463,0,104,0,6308,1
464,0,496,1,6255,1
465,0,571,6,6215,1
466,0,282,0,6215,1
467,0,355,0,6150,1
468,0,251,0,6121,1
469,0,210,1,6114,1
470,0,577,0,6088,1
471,0,349,2,6074,1
472,0,81,2,5944,1
473,0,482,0,5921,1
474,0,424,0,5885,1
475,0,199,1,11765,0
476,0,257,2,11762,0
477,0,560,0,11757,0
478,0,425,0,11714,0
479,0,362,0,11682,0
480,0,511,0,11687,0
481,0,606,0,11679,0
482,0,158,0,11688,0
483,0,234,0,11677,0
484,0,346,0,11678,0
485,0,437,0,11664,0
486,0,429,0,11654,0
487,0,331,0,11656,0
488,0,633,1,11655,0
489,0,601,0,11645,0
490,0,228,0,11626,0
491,0,482,0,11613,0
492,0,276,0,11616,0
493,0,627,0,11585,0
494,0,981,0,11582,0
495,2,675,0,11570,0
496,0,496,0,11553,0
497,0,494,0,11547,0
498,0,271,0,11544,0
499,0,615,2,11533,0
500,0,348,0,5853,1
501,0,451,0,5854,1
502,0,201,1,5826,1
503,0,726,1,5818,1
504,0,188,0,5798,1
505,0,340,1,5707,1
506,0,122,1,5637,1
507,0,95,0,5627,1
508,0,407,0,5607,1
509,0,446,0,5601,1
510,0,193,0,5585,1
511,0,267,1,5572,1
512,0,447,0,5537,1
513,0,440,2,5448,1
514,0,153,0,5447,1
515,0,290,1,5430,1
516,1,213,0,5400,1
517,0,172,1,5393,1
518,0,211,0,5377,1
519,0,161,0,5373,1
520,0,117,1,5330,1
521,0,179,0,5285,1
522,0,326,0,5279,1
523,1,362,1,5212,1
524,0,175,0,5150,1
525,0,536,0,11520,0
526,0,837,3,11522,0
527,0,169,0,11512,0
528,0,709,2,11513,0
529,0,776,1,11505,0
530,0,455,2,11494,0
531,0,325,0,11490,0
532,0,504,1,11494,0
533,0,394,0,11487,0
534,0,690,0,11484,0
535,0,596,0,11478,0
536,1,772,3,11454,0
537,0,671,0,11450,0
538,0,423,1,11438,0
539,0,701,0,11444,0
540,0,573,0,11426,0
541,0,646,0,11418,0
542,0,621,0,11409,0
543,0,807,0,11402,0
544,0,206,0,11395,0
545,0,298,2,11393,0
546,0,499,0,11387,0
547,1,350,0,11376,0
548,0,233,0,11365,0
549,0,379,0,11363,0
550,0,87,1,5138,1
551,0,338,0,5133,1
552,0,314,1,5130,1
553,0,258,0,5096,1
554,0,307,1,5077,1
555,0,131,1,5045,1
556,0,253,1,5012,1
557,0,199,0,4900,1
558,0,138,0,4882,1
559,0,511,0,4878,1
560,1,180,0,4845,1
561,0,219,0,4837,1
562,0,353,1,4773,1
563,0,245,0,4740,1
564,0,295,0,4735,1
565,0,153,2,4740,1
566,0,185,0,4724,1
567,0,232,0,4718,1
568,0,109,1,4699,1
569,0,142,0,4695,1
570,0,102,1,4688,1
571,0,201,0,4663,1
572,0,666,2,4643,1
573,0,335,0,4615,1
574,0,135,0,4590,1
575,0,254,0,11363,0
576,0,333,0,11366,0
577,0,848,0,11359,0
578,0,371,0,11354,0
579,0,418,1,11357,0
580,0,389,0,11350,0
581,0,292,0,11347,0
582,0,301,0,11344,0
583,0,163,1,11336,0
584,0,905,0,11323,0
585,0,432,0,11293,0
586,0,1419,0,11291,0
587,0,379,0,11275,0
588,0,298,2,11272,0
589,0,613,0,11269,0
590,0,555,0,11272,0
591,0,572,0,11246,0
592,0,286,0,11248,0
593,0,333,1,11245,0
594,0,399,1,11233,0
595,0,209,2,11232,0
596,0,590,3,11229,0
597,0,456,0,11228,0
598,0,287,3,11221,0
599,0,322,1,11215,0
600,0,286,1,4593,1
601,0,361,0,4587,1
602,0,88,0,4524,1
603,0,120,0,4497,1
604,0,197,1,4499,1
605,0,242,0,4476,1
606,0,103,2,4463,1
607,0,342,1,4407,1
608,0,169,0,4416,1
609,0,96,0,4380,1
610,0,164,0,4375,1
611,0,190,0,4330,1
612,0,127,1,4293,1
613,0,80,0,4294,1
614,0,161,0,4021,1
615,0,794,0,4022,1
616,0,105,0,3978,1
617,0,170,0,3973,1
618,0,251,0,3954,1
619,0,344,1,3913,1
620,0,214,2,3863,1
621,0,254,0,3829,1
622,0,347,0,3817,1
623,0,158,2,3719,1
624,0,206,0,3697,1
625,0,196,0,11205,0
626,0,271,0,11210,0
627,0,282,0,11199,0
628,0,741,0,11191,0
629,0,528,0,11194,0
630,0,587,0,11186,0
631,0,406,1,11181,0
632,0,285,2,11176,0
633,0,395,0,11177,0
634,0,244,0,11164,0
635,0,387,0,11161,0
636,0,93,0,11155,0
637,0,261,1,11159,0
638,0,323,1,11125,0
639,0,1530,0,11123,0
640,0,70,0,11126,0
641,0,209,0,11120,0
642,0,228,0,11120,0
643,0,337,0,11120,0
644,0,239,1,11118,0
645,0,434,0,11106,0
646,0,200,1,11095,0
647,0,952,0,11084,0
648,0,208,0,11086,0
649,0,568,1,11081,0
650,0,252,1,3686,1
651,0,180,0,3686,1
652,0,337,0,3681,1
653,0,210,0,3630,1
654,0,140,0,3627,1
655,0,114,0,3602,1
656,0,209,0,3568,1
657,0,192,0,3513,1
658,0,66,0,3485,1
659,0,43,0,3482,1
660,0,165,0,3448,1
661,0,104,0,3390,1
662,0,205,0,3367,1
663,0,69,2,3350,1
664,0,169,0,3329,1
665,0,123,8,3312,1
666,0,285,0,3293,1
667,0,63,0,3186,1
668,0,79,0,3164,1
669,0,120,0,3157,1
670,0,108,0,3153,1
671,0,226,0,3149,1
672,0,206,0,3146,1
673,0,101,0,3096,1
674,0,98,1,3072,1
675,0,599,0,11058,0
676,0,640,1,11065,0
677,0,654,3,11065,0
678,0,589,0,11058,0
679,0,977,5,11059,0
680,0,171,0,11049,0
681,0,368,1,11054,0
682,0,581,2,11051,0
683,0,906,1,11038,0
684,0,626,2,11033,0
685,0,202,0,11039,0
686,0,332,0,11021,0
687,0,130,0,11022,0
688,0,367,0,11020,0
689,0,324,0,11011,0
690,0,300,0,11003,0
691,0,352,0,11007,0
692,0,424,1,10988,0
693,0,141,0,10996,0
694,0,627,4,10981,0
695,0,336,3,10990,0
696,0,552,0,10980,0
697,0,594,0,10972,0
698,0,202,1,10963,0
699,0,204,3,10957,0
700,0,142,0,3074,1
701,0,82,0,3069,1
702,0,143,2,3072,1
703,0,92,1,3066,1
704,0,256,0,3048,1
705,0,44,0,3009,1
706,0,226,0,2996,1
707,1,109,0,2962,1
708,0,75,0,2904,1
709,0,102,0,2898,1
710,0,153,0,2879,1
711,0,153,0,2877,1
712,0,196,0,2869,1
713,0,217,0,2853,1
714,0,209,0,2856,1
715,0,238,0,2790,1
716,0,91,0,2754,1
717,0,124,0,2726,1
718,1,182,0,2707,1
719,0,102,1,2668,1
720,0,32,0,2660,1
721,0,271,0,2651,1
722,0,309,0,2627,1
723,0,129,1,2610,1
724,0,120,0,2594,1
725,0,543,0,10955,0
726,0,214,0,10944,0
727,0,527,0,10934,0
728,0,500,0,10924,0
729,0,632,1,10931,0
730,0,355,0,10906,0
731,0,290,2,10914,0
732,0,448,0,10910,0
733,0,1370,2,10898,0
734,0,307,0,10893,0
735,0,778,0,10891,0
736,0,294,0,10884,0
737,0,267,1,10875,0
738,0,196,0,10881,0
739,0,254,0,10874,0
740,0,509,1,10870,0
741,0,456,0,10880,0
742,0,400,0,10871,0
743,0,209,0,10872,0
744,0,300,0,10851,0
745,0,422,2,10846,0
746,0,184,0,10840,0
747,0,586,3,10826,0
748,0,768,1,10824,0
749,0,593,1,10817,0
750,0,87,0,2583,1
751,0,65,0,2562,1
752,0,126,0,2564,1
753,0,138,0,2529,1
754,0,96,0,2503,1
755,0,72,0,2495,1
756,0,38,0,2485,1
757,0,213,0,2479,1
758,0,43,0,2470,1
759,0,144,0,2449,1
760,0,50,0,2443,1
761,0,79,0,2436,1
762,0,37,0,2435,1
763,0,71,0,2416,1
764,0,162,0,2421,1
765,0,216,1,2387,1
766,0,86,0,2390,1
767,0,46,2,2381,1
768,0,121,0,2385,1
769,0,167,0,2330,1
770,0,93,0,2335,1
771,0,38,0,2315,1
772,0,122,0,2316,1
773,0,158,0,2299,1
774,0,64,0,2295,1
775,0,323,0,10805,0
776,0,1581,1,10808,0
777,0,481,0,10791,0
778,0,703,0,10794,0
779,0,483,0,10791,0
780,0,36,0,10777,0
781,0,365,1,10776,0
782,0,374,0,10776,0
783,0,204,0,10751,0
784,0,237,0,10751,0
785,0,288,0,10751,0
786,0,773,1,10747,0
787,0,608,0,10737,0
788,0,506,0,10743,0
789,0,325,0,10726,0
790,0,596,0,10721,0
791,0,492,0,10713,0
792,0,361,0,10704,0
793,0,504,0,10712,0
794,0,259,2,10704,0
795,0,526,0,10698,0
796,0,390,0,10696,0
797,0,257,0,10689,0
798,0,422,0,10678,0
799,0,160,0,10670,0
800,0,429,0,2289,1
801,0,80,0,2286,1
802,0,73,0,2270,1
803,0,29,0,2254,1
804,0,182,0,2241,1
805,0,161,1,2218,1
806,0,111,0,2219,1
807,0,80,0,2191,1
808,0,54,0,2193,1
809,0,67,0,2187,1
810,0,185,0,2102,1
811,0,79,0,2062,1
812,0,109,1,2058,1
813,0,91,0,2027,1
814,0,144,0,2024,1
815,0,81,1,2022,1
816,0,250,0,1990,1
817,0,83,0,1985,1
818,0,196,0,1980,1
819,0,293,0,1946,1
820,0,148,0,1942,1
821,0,57,0,1944,1
822,0,60,0,1937,1
823,0,148,3,1915,1
824,0,170,1,1917,1
825,0,117,0,10663,0
826,0,527,0,10661,0
827,0,358,0,10663,0
828,0,259,1,10658,0
829,0,314,1,10641,0
830,0,373,0,10647,0
831,0,869,0,10643,0
832,0,211,0,10636,0
833,0,751,0,10634,0
834,0,322,0,10620,0
835,0,214,2,10613,0
836,0,663,0,10603,0
837,0,380,0,10611,0
838,0,109,1,10598,0
839,0,378,0,10602,0
840,0,298,1,10595,0
841,1,1203,0,10589,0
842,0,749,0,10588,0
843,0,606,0,10588,0
844,0,360,0,10578,0
845,0,478,2,10567,0
846,0,387,0,10566,0
847,0,225,0,10559,0
848,0,478,4,10547,0
849,0,488,0,10552,0
850,0,62,0,1918,1
851,0,183,0,1888,1
852,0,99,2,1871,1
853,0,56,0,1872,1
854,0,167,0,1864,1
855,0,144,0,1857,1
856,0,34,0,1828,1
857,0,207,0,1806,1
858,0,48,0,1803,1
859,0,108,0,1809,1
860,0,91,0,1801,1
861,0,65,0,1781,1
862,0,79,0,1784,1
863,0,159,0,1750,1
864,0,94,2,1737,1
865,0,125,2,1733,1
866,0,42,1,1728,1
867,0,104,0,1727,1
868,0,139,0,1723,1
869,0,61,0,1712,1
870,0,136,0,1702,1
871,1,63,1,1682,1
872,0,57,0,1676,1
873,0,264,0,1663,1
874,0,28,0,1668,1
875,0,423,1,10541,0
876,0,255,0,10535,0
877,0,6898,0,10531,0
878,0,307,2,10530,0
879,0,503,1,10524,0
880,0,312,4,10523,0
881,0,84,2,10517,0
882,0,424,0,10501,0
883,0,266,0,10494,0
884,0,506,0,10495,0
885,0,524,3,10494,0
886,0,203,1,10483,0
887,0,550,0,10488,0
888,0,196,0,10480,0
889,0,304,0,10473,0
890,0,399,0,10476,0
891,0,334,0,10461,0
892,0,442,0,10458,0
893,0,196,0,10450,0
894,3,682,1,10452,0
895,0,427,0,10457,0
896,0,905,0,10455,0
897,0,198,0,10445,0
898,0,362,0,10454,0
899,0,356,0,10448,0
900,0,160,1,1664,1
901,0,59,0,1661,1
902,0,44,0,1621,1
903,0,58,0,1619,1
904,0,142,0,1606,1
905,0,80,0,1607,1
906,0,53,0,1597,1
907,0,95,0,1588,1
908,0,123,0,1578,1
909,0,137,0,1565,1
910,0,372,0,1563,1
911,0,27,0,1548,1
912,0,156,1,1530,1
913,0,15,0,1527,1
914,0,50,0,1525,1
915,0,86,0,1500,1
916,0,76,0,1495,1
917,0,205,0,1496,1
918,0,180,0,1492,1
919,0,65,0,1447,1
920,0,90,0,1423,1
921,0,93,0,1419,1
922,0,91,0,1411,1
923,0,32,0,1405,1
924,0,72,0,1380,1
925,0,457,0,10450,0
926,0,840,0,10434,0
927,0,481,0,10432,0
928,0,241,0,10416,0
929,1,657,1,10414,0
930,0,622,3,10406,0
931,0,559,0,10400,0
932,0,103,0,10400,0
933,1,1393,0,10388,0
934,0,34,0,10388,0
935,0,824,0,10377,0
936,0,393,0,10369,0
937,0,1269,0,10373,0
938,0,415,0,10373,0
939,0,896,1,10361,0
940,0,685,4,10363,0
941,0,251,1,10363,0
942,0,174,0,10355,0
943,0,311,0,10354,0
944,0,389,0,10357,0
945,0,174,0,10340,0
946,0,477,0,10335,0
947,0,279,0,10328,0
948,0,424,1,10318,0
949,0,989,2,10327,0
950,1,134,0,1376,1
951,0,99,2,1379,1
952,0,53,0,1337,1
953,0,83,0,1325,1
954,0,60,0,1307,1
955,0,41,0,1309,1
956,0,186,0,1293,1
957,0,37,0,1297,1
958,0,19,1,1297,1
959,0,43,1,1287,1
960,0,66,0,1286,1
961,1,49,0,1275,1
962,0,74,0,1262,1
963,0,115,0,1268,1
964,0,64,0,1269,1
965,0,77,0,1262,1
966,0,27,0,1253,1
967,0,79,0,1256,1
968,0,65,0,1243,1
969,0,71,0,1244,1
970,0,59,0,1245,1
971,0,24,0,1238,1
972,0,14,0,1237,1
973,0,37,0,1234,1
974,0,9,0,1236,1
975,0,948,0,10314,0
976,1,282,2,10319,0
977,0,414,0,10320,0
978,0,461,0,10309,0
979,0,349,0,10310,0
980,0,304,1,10310,0
981,0,532,0,10298,0
982,0,1592,1,10301,0
983,0,714,1,10294,0
984,0,276,1,10288,0
985,0,688,0,10284,0
986,0,391,3,10291,0
987,0,281,0,10280,0
988,0,256,1,10282,0
989,0,278,0,10278,0
990,0,773,2,10272,0
991,0,360,0,10254,0
992,0,734,1,10246,0
993,0,221,0,10249,0
994,0,135,0,10240,0
995,0,151,1,10243,0
996,0,412,0,10240,0
997,0,245,0,10237,0
998,0,879,1,10227,0
999,0,707,4,10218,0
1000,0,58,1,1229,1
1001,0,24,0,1226,1
1002,0,175,0,1219,1
1003,0,53,0,1221,1
1004,0,80,0,1211,1
1005,0,62,0,1212,1
1006,0,119,0,1197,1
1007,0,135,2,1190,1
1008,0,73,0,1190,1
1009,0,53,0,1176,1
1010,0,221,0,1171,1
1011,0,33,0,1163,1
1012,0,108,0,1165,1
1013,0,161,0,1156,1
1014,0,17,1,1154,1
1015,0,15,1,1156,1
1016,0,44,0,1142,1
1017,0,117,0,1143,1
1018,0,90,0,1141,1
1019,0,65,0,1147,1
1020,0,108,0,1140,1
1021,0,97,1,1137,1
1022,0,59,0,1131,1
1023,1,22,0,1123,1
1024,0,69,0,1122,1
1025,0,459,0,10220,0
1026,0,619,0,10217,0
1027,0,264,0,10217,0
1028,0,181,0,10213,0
1029,0,290,0,10196,0
1030,0,137,0,10196,0
1031,0,298,0,10197,0
1032,0,367,2,10196,0
1033,0,773,1,10189,0
1034,0,525,0,10180,0
1035,0,607,0,10182,0
1036,0,119,0,10184,0
1037,0,609,1,10179,0
1038,0,541,0,10178,0
1039,0,885,1,10180,0
1040,0,170,0,10177,0
1041,0,402,1,10173,0
1042,0,547,4,10172,0
1043,0,447,0,10160,0
1044,0,263,2,10166,0
1045,0,373,0,10157,0
1046,0,1101,2,10153,0
1047,0,315,0,10160,0
1048,0,165,0,10152,0
1049,0,392,0,10148,0
1050,0,49,0,1127,1
1051,0,23,0,1102,1
1052,0,31,0,1094,1
1053,0,203,1,1099,1
1054,0,26,0,1090,1
1055,0,71,0,1096,1
1056,0,129,0,1090,1
1057,0,22,1,1084,1
1058,0,39,0,1082,1
1059,0,63,0,1077,1
1060,0,11,0,1067,1
1061,0,71,0,1068,1
1062,0,140,0,1067,1
1063,0,41,0,1056,1
1064,0,34,0,1056,1
1065,0,23,0,1052,1
1066,0,168,0,1050,1
1067,0,5,1,1052,1
1068,0,83,0,1038,1
1069,0,44,0,1045,1
1070,0,27,0,1043,1
1071,0,68,1,1036,1
1072,0,46,0,1034,1
1073,0,31,0,1029,1
1074,0,64,0,1033,1
1075,1,745,0,10142,0
1076,0,499,1,10135,0
1077,0,303,5,10144,0
1078,0,326,0,10133,0
1079,0,791,0,10120,0
1080,0,514,2,10121,0
1081,0,273,0,10121,0
1082,0,120,0,10109,0
1083,0,158,1,10112,0
1084,0,229,0,10103,0
1085,1,216,0,10105,0
1086,0,400,0,10091,0
1087,0,817,0,10091,0
1088,0,1213,0,10094,0
1089,0,167,0,10081,0
1090,0,423,0,10077,0
1091,0,333,0,10085,0
1092,0,424,1,10076,0
1093,0,164,0,10075,0
1094,0,483,0,10059,0
1095,0,241,1,10052,0
1096,0,436,0,10056,0
1097,0,636,2,10043,0
1098,0,266,0,10053,0
1099,0,252,0,10035,0
1100,0,25,0,1033,1
1101,0,8,0,1033,1
1102,0,66,0,1023,1
1103,0,62,0,1021,1
1104,0,58,0,1139,1
1105,0,70,0,1022,1
1106,0,72,0,1021,1
1107,0,43,0,1015,1
1108,0,120,0,1018,1
1109,0,29,0,1011,1
1110,0,43,1,1007,1
1111,0,61,0,1009,1
1112,0,28,0,1008,1
1113,0,75,3,993,1
1114,0,73,0,997,1
1115,0,54,1,991,1
1116,0,57,1,991,1
1117,0,67,0,988,1
1118,0,53,0,986,1
1119,0,58,0,987,1
1120,0,30,0,990,1
1121,0,63,0,981,1
1122,0,16,0,985,1
1123,0,45,0,986,1
1124,0,26,1,984,1
1125,0,397,0,10042,0
1126,0,386,3,10033,0
1127,0,501,1,11223,0
1128,0,112,0,10031,0
1129,0,240,0,10029,0
1130,0,346,0,10022,0
1131,0,325,0,10021,0
1132,0,805,0,10014,0
1133,0,871,0,10005,0
1134,0,457,0,10001,0
1135,0,386,0,10008,0
1136,0,1056,2,9998,0
1137,0,984,0,9993,0
1138,1,389,4,9990,0
1139,0,340,0,9984,0
1140,0,624,1,9988,0
1141,0,181,2,9986,0
1142,0,430,0,9975,0
1143,0,201,0,9976,0
1144,0,666,0,9970,0
1145,0,142,0,9967,0
1146,0,289,0,9962,0
1147,0,932,0,9966,0
1148,0,305,2,9961,0
1149,0,851,0,9954,0
1150,0,90,0,985,1
1151,0,73,0,980,1
1152,0,113,0,969,1
1153,0,53,2,968,1
1154,0,34,0,968,1
1155,0,96,0,964,1
1156,0,81,0,959,1
1157,0,116,0,952,1
1158,0,115,1,951,1
1159,0,46,0,950,1
1160,0,94,1,941,1
1161,0,104,0,941,1
1162,0,22,0,939,1
1163,0,76,0,935,1
1164,0,170,0,936,1
1165,0,50,0,937,1
1166,0,18,0,928,1
1167,0,250,0,926,1
1168,0,46,0,922,1
1169,0,65,0,927,1
1170,0,48,0,920,1
1171,0,45,0,921,1
1172,0,249,0,915,1
1173,0,123,0,916,1
1174,0,44,0,909,1
1175,0,402,0,9952,0
1176,0,216,0,9954,0
1177,0,1206,0,9947,0
1178,0,781,1,9952,0
1179,0,303,0,9933,0
1180,0,463,0,9937,0
1181,0,608,0,9928,0
1182,0,325,0,9930,0
1183,0,244,0,9926,0
1184,0,204,0,9928,0
1185,0,85,1,9928,0
1186,0,434,0,9923,0
1187,0,306,0,9928,0
1188,0,620,0,9918,0
1189,0,222,0,9918,0
1190,0,850,0,9916,0
1191,0,155,0,9910,0
1192,0,443,1,9907,0
1193,1,321,1,9901,0
1194,0,770,0,9910,0
1195,0,265,0,9906,0
1196,0,309,3,9889,0
1197,0,254,1,9869,0
1198,0,400,3,9873,0
1199,0,432,3,9866,0
1200,0,38,2,914,1
1201,0,45,1,900,1
1202,0,50,0,896,1
1203,0,47,0,891,1
1204,0,20,0,884,1
1205,0,79,0,886,1
1206,0,56,1,881,1
1207,0,97,0,878,1
1208,0,50,0,888,1
1209,0,108,0,884,1
1210,0,127,0,879,1
1211,0,25,0,877,1
1212,0,267,0,876,1
1213,0,53,0,872,1
1214,0,40,0,867,1
1215,0,36,0,861,1
1216,0,53,0,859,1
1217,0,98,0,866,1
1218,0,21,0,861,1
1219,0,23,0,859,1
1220,0,112,0,859,1
1221,0,50,0,851,1
1222,0,37,0,852,1
1223,0,80,0,856,1
1224,0,12,0,854,1
1225,0,252,0,9859,0
1226,0,935,0,9867,0
1227,0,381,0,9858,0
1228,0,437,2,9849,0
1229,0,281,0,9857,0
1230,0,180,0,9845,0
1231,0,203,1,9838,0
1232,0,324,0,9838,0
1233,0,415,0,9828,0
1234,0,1033,2,9831,0
1235,0,3690,3,9829,0
1236,0,147,0,9827,0
1237,0,529,5,9826,0
1238,0,380,1,9827,0
1239,0,326,0,9820,0
1240,0,431,1,9822,0
1241,0,867,0,9822,0
1242,0,295,1,9809,0
1243,0,293,0,9808,0
1244,1,242,1,9813,0
1245,0,290,0,9806,0
1246,0,314,0,9808,0
1247,0,676,3,9811,0
1248,0,218,0,9801,0
1249,0,733,3,9799,0
1250,0,25,0,853,1
1251,0,31,0,851,1
1252,0,124,0,849,1
1253,0,26,0,850,1
1254,0,30,0,845,1
1255,0,55,0,849,1
1256,0,22,0,845,1
1257,0,32,0,839,1
1258,0,93,1,843,1
1259,0,70,0,831,1
1260,0,22,0,833,1
1261,0,46,0,829,1
1262,0,37,0,826,1
1263,0,33,1,827,1
1264,0,104,0,825,1
1265,0,38,0,828,1
1266,0,67,0,823,1
1267,0,64,0,827,1
1268,0,102,0,816,1
1269,0,37,0,818,1
1270,0,65,0,813,1
1271,0,35,1,812,1
1272,0,38,0,816,1
1273,0,67,0,807,1
1274,0,48,0,804,1
1275,0,93,0,9804,0
1276,0,973,0,9793,0
1277,0,436,1,9788,0
1278,0,383,3,9788,0
1279,0,485,0,9789,0
1280,0,709,1,9783,0
1281,0,178,1,9774,0
1282,0,349,0,9782,0
1283,0,474,0,9774,0
1284,0,1006,3,9787,0
1285,0,231,0,9767,0
1286,0,291,1,9764,0
1287,0,813,0,9769,0
1288,0,202,0,9759,0
1289,0,217,0,9752,0
1290,0,654,0,9756,0
1291,0,250,0,9752,0
1292,0,246,0,9740,0
1293,0,387,0,9745,0
1294,0,275,0,9742,0
1295,0,145,1,9741,0
1296,0,95,0,9742,0
1297,0,79,0,9725,0
1298,0,594,1,9722,0
1299,0,630,2,9712,0
1300,0,30,1,805,1
1301,0,128,0,809,1
1302,0,7,0,803,1
1303,0,30,0,797,1
1304,0,66,0,801,1
1305,0,31,0,805,1
1306,0,34,0,797,1
1307,0,47,0,800,1
1308,0,47,0,802,1
1309,0,129,0,803,1
1310,0,62,0,801,1
1311,0,38,0,789,1
1312,0,98,0,791,1
1313,0,23,0,794,1
1314,0,82,2,794,1
1315,0,58,0,793,1
1316,0,29,0,793,1
1317,0,67,0,784,1
1318,0,56,0,774,1
1319,0,94,1,777,1
1320,0,23,0,771,1
1321,0,58,0,770,1
1322,0,79,0,772,1
1323,0,8,0,766,1
1324,0,83,0,770,1
1325,0,775,2,9703,0
1326,0,203,0,9706,0
1327,0,323,0,9694,0
1328,0,787,0,9693,0
1329,0,287,0,9699,0
1330,0,289,0,9690,0
1331,0,236,0,9691,0
1332,0,127,0,9686,0
1333,0,498,0,9694,0
1334,0,720,0,9688,0
1335,0,652,1,9680,0
1336,0,296,0,9684,0
1337,0,91,0,9681,0
1338,0,184,0,9680,0
1339,0,265,0,9679,0
1340,0,235,1,9677,0
1341,0,279,1,9669,0
1342,0,622,0,9665,0
1343,0,504,0,9661,0
1344,0,489,1,9662,0
1345,0,278,0,9662,0
1346,0,259,0,9662,0
1347,0,374,0,9657,0
1348,0,200,0,9650,0
1349,0,315,0,9637,0
1350,0,38,0,765,1
1351,0,48,1,764,1
1352,0,96,0,769,1
1353,0,19,0,760,1
1354,0,35,0,767,1
1355,0,62,0,759,1
1356,0,9,0,762,1
1357,0,47,0,755,1
1358,0,85,0,758,1
1359,0,28,0,747,1
1360,0,56,0,749,1
1361,0,114,0,753,1
1362,0,198,0,751,1
1363,0,26,1,750,1
1364,0,26,0,745,1
1365,0,80,0,746,1
1366,0,116,0,747,1
1367,0,36,0,742,1
1368,0,28,0,740,1
1369,0,17,0,743,1
1370,0,64,0,742,1
1371,0,23,0,739,1
1372,0,84,0,734,1
1373,0,31,0,737,1
1374,0,72,0,735,1
1375,0,429,0,9647,0
1376,0,440,1,9633,0
1377,0,437,1,9628,0
1378,0,141,0,9622,0
1379,0,487,1,9622,0
1380,0,1573,0,9618,0
1381,0,199,1,9611,0
1382,0,315,0,9615,0
1383,0,278,0,9609,0
1384,0,539,0,9600,0
1385,0,192,0,9600,0
1386,0,278,1,9594,0
1387,0,176,0,9588,0
1388,0,366,0,9595,0
1389,0,592,0,9588,0
1390,0,282,0,9588,0
1391,0,161,0,9588,0
1392,0,510,1,9586,0
1393,0,496,1,9585,0
1394,0,381,0,9580,0
1395,0,288,0,9568,0
1396,0,229,1,9578,0
1397,0,406,0,9577,0
1398,0,325,0,9571,0
1399,0,199,1,9566,0
1400,0,42,1,734,1
1401,0,45,0,726,1
1402,0,47,0,727,1
1403,0,22,0,734,1
1404,0,15,0,735,1
1405,0,18,0,726,1
1406,0,13,0,728,1
1407,0,42,0,728,1
1408,0,12,0,723,1
1409,0,25,0,722,1
1410,0,8,0,721,1
1411,0,21,0,728,1
1412,0,32,0,726,1
1413,0,25,0,723,1
1414,0,176,0,742,1
1415,0,35,0,718,1
1416,0,14,0,712,1
1417,0,31,0,710,1
1418,0,14,0,711,1
1419,0,79,0,745,1
1420,0,68,0,714,1
1421,0,16,0,709,1
1422,0,96,0,710,1
1423,0,30,0,710,1
1424,0,22,0,711,1
1425,0,243,1,9570,0
1426,0,265,1,9565,0
1427,0,351,0,9557,0
1428,0,241,0,9555,0
1429,0,678,0,9555,0
1430,0,80,0,9543,0
1431,0,308,0,9545,0
1432,0,372,0,9538,0
1433,0,207,0,9539,0
1434,0,441,0,9532,0
1435,0,745,1,9535,0
1436,0,464,0,9532,0
1437,0,300,0,9540,0
1438,0,383,0,9532,0
1439,0,181,0,9532,0
1440,0,195,0,9529,0
1441,0,303,0,9521,0
1442,0,185,0,9516,0
1443,0,105,1,9508,0
1444,0,138,0,9513,0
1445,0,762,0,9505,0
1446,0,173,1,9504,0
1447,0,251,0,9499,0
1448,0,453,0,9494,0
1449,0,479,2,9497,0
1450,0,27,0,698,1
1451,0,12,0,695,1
1452,0,28,0,701,1
1453,0,26,0,695,1
1454,0,33,0,701,1
1455,0,69,0,690,1
1456,0,9,0,691,1
1457,0,8,0,688,1
1458,0,51,0,686,1
1459,0,125,0,692,1
1460,0,44,0,691,1
1461,0,27,0,686,1
1462,0,108,0,690,1
1463,0,61,0,680,1
1464,0,16,0,682,1
1465,0,13,1,683,1
1466,0,25,0,680,1
1467,0,181,0,680,1
1468,0,31,0,682,1
1469,0,19,0,679,1
1470,0,17,0,672,1
1471,0,30,0,677,1
1472,0,44,0,671,1
1473,0,24,0,670,1
1474,0,87,0,663,1
1475,0,406,0,9494,0
1476,0,256,0,9489,0
1477,0,574,0,9489,0
1478,0,431,0,9488,0
1479,0,331,0,9479,0
1480,0,495,0,9488,0
1481,0,228,1,9482,0
1482,0,288,0,9480,0
1483,0,600,0,9473,0
1484,0,334,0,9472,0
1485,0,179,0,9463,0
1486,0,191,0,9464,0
1487,0,680,0,9462,0
1488,0,366,0,9460,0
1489,0,133,0,9466,0
1490,0,408,0,9454,0
1491,0,423,0,9466,0
1492,0,361,1,9453,0
1493,0,227,0,9454,0
1494,0,280,0,9453,0
1495,0,167,0,9454,0
1496,0,655,0,9452,0
1497,0,174,0,9456,0
1498,0,568,0,9452,0
1499,0,526,0,9444,0
1500,0,50,0,667,1
1501,0,85,0,663,1
1502,0,17,0,667,1
1503,0,95,0,662,1
1504,0,98,0,658,1
1505,0,66,0,665,1
1506,0,23,0,656,1
1507,0,7,0,651,1
1508,0,30,1,659,1
1509,0,34,0,649,1
1510,0,27,0,653,1
1511,0,68,0,649,1
1512,0,46,0,650,1
1513,0,49,1,646,1
1514,0,17,0,649,1
1515,0,49,1,652,1
1516,0,58,0,646,1
1517,0,23,0,649,1
1518,0,8,0,644,1
1519,0,146,0,643,1
1520,0,23,0,641,1
1521,0,44,0,643,1
1522,0,67,1,645,1
1523,0,65,0,642,1
1524,0,17,0,636,1
1525,0,353,0,9434,0
1526,0,84,0,9435,0
1527,0,306,0,9437,0
1528,0,194,0,9429,0
1529,0,357,0,9429,0
1530,0,860,0,9423,0
1531,0,495,0,9421,0
1532,0,659,2,9427,0
1533,0,238,1,9420,0
1534,0,105,0,9417,0
1535,0,145,0,9422,0
1536,0,93,0,9414,0
1537,0,571,0,9424,0
1538,0,232,0,9414,0
1539,0,595,0,9411,0
1540,0,602,0,9400,0
1541,0,108,0,9402,0
1542,0,315,0,9404,0
1543,0,352,0,9407,0
1544,0,249,0,9403,0
1545,0,547,0,9406,0
1546,0,142,0,9402,0
1547,1,955,4,9392,0
1548,0,532,1,9395,0
1549,0,273,0,9388,0
1550,0,58,0,632,1
1551,0,95,0,636,1
1552,0,13,0,632,1
1553,0,72,0,628,1
1554,0,58,0,630,1
1555,0,54,0,627,1
1556,0,43,0,629,1
1557,0,35,0,633,1
1558,0,10,0,625,1
1559,0,50,0,626,1
1560,0,56,2,625,1
1561,0,50,0,622,1
1562,0,54,0,627,1
1563,0,9,0,620,1
1564,0,39,0,625,1
1565,0,26,0,619,1
1566,0,18,0,622,1
1567,0,28,0,621,1
1568,0,13,0,616,1
1569,0,28,0,621,1
1570,0,38,0,613,1
1571,0,63,1,620,1
1572,0,22,0,621,1
1573,0,43,0,619,1
1574,0,54,0,611,1
1575,0,265,0,9388,0
1576,0,332,3,9383,0
1577,0,215,0,9380,0
1578,0,592,0,9377,0
1579,0,258,0,9379,0
1580,0,334,0,9373,0
1581,0,386,0,9375,0
1582,0,380,1,9374,0
1583,0,240,1,9373,0
1584,0,457,0,9366,0
1585,0,1048,0,9362,0
1586,0,374,0,9363,0
1587,0,290,0,9359,0
1588,0,1,0,9359,0
1589,0,254,0,9361,0
1590,0,250,0,9351,0
1591,0,496,2,9357,0
1592,0,521,0,9353,0
1593,0,593,3,9345,0
1594,0,478,0,9357,0
1595,0,400,0,9349,0
1596,0,221,0,9340,0
1597,0,499,0,9346,0
1598,0,214,1,9339,0
1599,0,284,0,9341,0
1600,0,104,0,611,1
1601,0,138,4,617,1
1602,0,15,0,609,1
1603,0,23,2,617,1
1604,0,30,0,608,1
1605,0,8,0,613,1
1606,0,38,0,614,1
1607,0,29,0,612,1
1608,0,30,0,609,1
1609,0,41,0,609,1
1610,0,42,0,605,1
1611,0,112,0,602,1
1612,0,27,3,606,1
1613,0,42,0,605,1
1614,0,78,0,593,1
1615,0,9,0,595,1
1616,0,43,0,589,1
1617,0,66,0,599,1
1618,0,11,0,595,1
1619,0,55,0,589,1
1620,0,79,0,591,1
1621,0,9,0,589,1
1622,0,1,0,592,1
1623,0,32,0,591,1
1624,0,36,0,589,1
1625,0,494,0,9336,0
1626,0,161,0,9337,0
1627,1,702,3,9342,0
1628,0,506,0,9336,0
1629,0,294,0,9331,0
1630,0,374,0,9326,0
1631,0,293,0,9322,0
1632,0,207,0,9325,0
1633,0,142,0,9320,0
1634,0,281,2,9319,0
1635,0,329,2,9321,0
1636,0,159,1,9318,0
1637,0,98,1,9310,0
1638,0,460,0,9315,0
1639,0,303,0,9311,0
1640,0,325,0,9315,0
1641,0,566,1,9306,0
1642,0,712,0,9303,0
1643,0,445,0,9306,0
1644,0,813,2,9299,0
1645,0,184,0,9299,0
1646,0,345,0,9296,0
1647,0,334,0,9295,0
1648,0,313,2,9290,0
1649,0,642,1,9284,0
1650,0,131,0,589,1
1651,0,29,0,585,1
1652,0,92,0,590,1
1653,0,32,0,592,1
1654,0,110,0,587,1
1655,0,114,0,586,1
1656,0,12,0,590,1
1657,0,20,0,588,1
1658,0,44,0,586,1
1659,0,24,0,585,1
1660,0,15,0,585,1
1661,0,54,0,579,1
1662,0,44,0,581,1
1663,0,40,0,585,1
1664,0,11,1,583,1
1665,0,163,0,581,1
1666,0,26,0,584,1
1667,0,11,0,573,1
1668,0,44,0,578,1
1669,0,17,0,578,1
1670,0,38,0,583,1
1671,0,19,0,574,1
1672,0,86,0,576,1
1673,0,13,0,576,1
1674,0,13,0,582,1
1675,0,335,0,9273,0
1676,0,273,0,9277,0
1677,0,331,0,9272,0
1678,0,310,0,9272,0
1679,0,230,0,9272,0
1680,0,352,2,9268,0
1681,0,368,0,9268,0
1682,0,401,0,9267,0
1683,0,131,0,9267,0
1684,0,400,0,9260,0
1685,0,218,2,9253,0
1686,0,485,1,9253,0
1687,1,673,0,9260,0
1688,0,293,1,9250,0
1689,0,182,1,9248,0
1690,0,588,1,9252,0
1691,0,252,0,9243,0
1692,0,611,2,9238,0
1693,0,187,0,9240,0
1694,0,378,1,9237,0
1695,0,155,0,9239,0
1696,1,347,0,9236,0
1697,0,194,0,9236,0
1698,0,434,2,9235,0
1699,0,526,0,9227,0
1700,0,27,0,572,1
1701,0,13,0,580,1
1702,0,38,0,575,1
1703,0,37,0,576,1
1704,0,52,0,567,1
1705,0,19,0,567,1
1706,0,91,0,569,1
1707,0,47,0,570,1
1708,0,25,0,569,1
1709,0,34,1,569,1
1710,0,28,0,564,1
1711,0,24,0,568,1
1712,0,18,0,572,1
1713,0,14,0,565,1
1714,0,29,0,563,1
1715,0,10,0,560,1
1716,0,37,0,563,1
1717,0,66,0,556,1
1718,0,58,0,561,1
1719,0,41,0,559,1
1720,0,257,0,557,1
1721,0,9,0,554,1
1722,0,18,0,553,1
1723,0,53,0,558,1
1724,0,34,0,558,1
1725,0,144,1,9226,0
1726,0,614,1,9226,0
1727,0,476,0,9231,0
1728,0,86,0,9225,0
1729,0,255,0,9231,0
1730,0,135,0,9216,0
1731,0,322,0,9214,0
1732,0,191,3,9208,0
1733,0,246,0,9213,0
1734,0,280,0,9211,0
1735,0,121,0,9197,0
1736,0,88,0,9192,0
1737,0,430,0,9198,0
1738,0,563,1,9198,0
1739,0,366,0,9202,0
1740,0,363,0,9194,0
1741,0,192,0,9192,0
1742,0,691,0,9192,0
1743,0,508,0,9189,0
1744,0,304,0,9191,0
1745,0,516,0,9183,0
1746,0,216,0,9183,0
1747,0,382,1,9178,0
1748,0,509,0,9181,0
1749,0,284,0,9166,0
1750,0,5,0,552,1
1751,0,40,0,554,1
1752,0,49,0,551,1
1753,1,27,0,554,1
1754,0,25,0,549,1
1755,0,57,0,551,1
1756,0,24,0,552,1
1757,0,91,0,552,1
1758,0,52,0,552,1
1759,0,30,0,553,1
1760,0,94,0,544,1
1761,0,92,1,547,1
1762,0,85,0,543,1
1763,0,23,1,546,1
1764,0,21,0,542,1
1765,0,33,0,547,1
1766,0,80,0,542,1
1767,0,39,0,544,1
1768,0,24,1,537,1
1769,0,12,0,543,1
1770,0,15,0,537,1
1771,0,21,0,541,1
1772,0,47,1,540,1
1773,0,30,2,538,1
1774,0,61,0,538,1
1775,0,273,1,9165,0
1776,0,639,0,9155,0
1777,0,175,0,9153,0
1778,0,392,0,9144,0
1779,0,324,0,9142,0
1780,0,283,4,9139,0
1781,0,323,1,9142,0
1782,0,203,0,9133,0
1783,0,263,0,9134,0
1784,0,358,0,9139,0
1785,0,293,0,9132,0
1786,0,559,2,9129,0
1787,0,132,0,9133,0
1788,0,312,0,9125,0
1789,0,429,0,9126,0
1790,0,375,0,9131,0
1791,0,153,0,9123,0
1792,0,600,0,9121,0
1793,0,478,1,9116,0
1794,0,183,0,9122,0
1795,0,255,0,9116,0
1796,0,497,2,9108,0
1797,0,196,0,9106,0
1798,0,691,0,9105,0
1799,0,234,0,9099,0
1800,0,17,0,537,1
1801,0,123,0,539,1
1802,0,34,0,537,1
1803,0,45,1,533,1
1804,0,18,0,532,1
1805,0,20,0,532,1
1806,0,135,0,534,1
1807,0,24,0,536,1
1808,0,7,1,532,1
1809,0,40,0,538,1
1810,0,24,0,533,1
1811,0,24,0,530,1
1812,0,41,0,529,1
1813,0,72,0,534,1
1814,0,57,0,534,1
1815,0,24,0,528,1
1816,0,22,0,531,1
1817,0,115,0,533,1
1818,0,68,0,529,1
1819,0,31,0,527,1
1820,0,10,0,527,1
1821,0,10,0,528,1
1822,0,6,0,524,1
1823,0,34,0,523,1
1824,0,10,0,516,1
1825,0,449,0,9101,0
1826,0,240,1,9093,0
1827,0,520,0,9093,0
1828,0,192,0,9091,0
1829,0,409,0,9083,0
1830,0,365,0,9078,0
1831,0,346,0,9081,0
1832,0,353,0,9087,0
1833,0,169,0,9081,0
1834,0,361,0,9081,0
1835,0,234,0,9080,0
1836,0,200,0,9084,0
1837,0,258,0,9077,0
1838,0,255,1,9068,0
1839,0,238,1,9066,0
1840,0,349,1,9063,0
1841,0,458,1,9067,0
1842,0,273,0,9058,0
1843,0,142,0,9052,0
1844,0,449,0,9041,0
1845,0,155,0,9046,0
1846,0,454,0,9049,0
1847,0,266,1,9023,0
1848,0,879,1,9028,0
1849,0,451,0,9032,0
1850,0,12,0,526,1
1851,0,145,0,519,1
1852,0,51,0,522,1
1853,0,12,0,519,1
1854,0,22,2,521,1
1855,0,24,0,522,1
1856,0,15,0,517,1
1857,0,67,0,516,1
1858,0,25,0,509,1
1859,0,63,0,513,1
1860,0,31,0,514,1
1861,0,17,0,512,1
1862,0,31,0,512,1
1863,0,20,0,511,1
1864,0,63,0,512,1
1865,0,6,1,512,1
1866,0,97,0,513,1
1867,0,43,0,514,1
1868,0,79,0,508,1
1869,0,49,1,512,1
1870,0,28,0,506,1
1871,0,59,0,507,1
1872,0,32,0,511,1
1873,0,31,0,508,1
1874,0,10,0,507,1
1875,0,691,0,9031,0
1876,0,272,0,9026,0
1877,0,314,1,9026,0
1878,0,926,0,9026,0
1879,0,1170,1,9023,0
1880,0,576,0,9020,0
1881,0,140,0,9012,0
1882,0,383,0,9019,0
1883,0,258,0,9008,0
1884,0,437,1,9006,0
1885,0,206,0,9010,0
1886,0,319,1,9013,0
1887,0,360,0,9007,0
1888,0,433,0,9013,0
1889,0,538,0,9003,0
1890,1,809,0,8999,0
1891,0,136,0,8992,0
1892,0,517,0,9002,0
1893,0,356,0,9001,0
1894,0,333,0,8997,0
1895,0,154,0,8988,0
1896,0,271,0,8990,0
1897,0,164,0,8992,0
1898,0,150,0,8993,0
1899,0,365,0,8987,0
1900,0,43,0,510,1
1901,0,13,0,511,1
1902,0,8,0,509,1
1903,0,11,0,510,1
1904,0,15,0,499,1
1905,0,8,0,499,1
1906,0,6,0,501,1
1907,0,52,0,494,1
1908,0,14,0,499,1
1909,0,29,0,494,1
1910,0,9,0,504,1
1911,0,63,0,498,1
1912,0,87,0,501,1
1913,0,37,0,491,1
1914,0,9,0,493,1
1915,0,84,0,494,1
1916,0,21,0,499,1
1917,0,39,5,498,1
1918,0,28,0,493,1
1919,0,10,0,493,1
1920,0,10,0,494,1
1921,0,4,0,492,1
1922,0,12,0,495,1
1923,0,18,0,492,1
1924,0,71,0,490,1
1925,0,390,0,8986,0
1926,0,192,1,8989,0
1927,0,443,0,8981,0
1928,0,305,0,8982,0
1929,0,301,0,8983,0
1930,0,732,0,8973,0
1931,0,439,0,8979,0
1932,0,379,0,8974,0
1933,0,220,1,8972,0
1934,0,223,0,8974,0
1935,0,355,0,8975,0
1936,0,188,0,8971,0
1937,0,285,0,8974,0
1938,0,290,0,8969,0
1939,0,146,0,8963,0
1940,0,248,1,8958,0
1941,0,221,0,8962,0
1942,0,588,1,8956,0
1943,0,191,0,8956,0
1944,0,297,0,8948,0
1945,0,148,0,8945,0
1946,0,389,0,8941,0
1947,0,130,0,8942,0
1948,0,218,0,8946,0
1949,0,297,0,8942,0
